Card Number,Player,Team,Position/Note
"Baseball
        Basketball
        Boxing
        Cricket
        Football
        Gaming
        Golf
        Hockey
        Misc Sports
        MMA
        Multi-Sport
        Non-Sport
        Racing
        Soccer
        Tennis
        Wrestling","","",""
"","","",""
"","","",""
"","","",""
"","","",""
"","","",""
"","","",""
"","","",""
"","","",""
"","","",""
"","","",""
"","","",""
"","","",""
"","","",""
"","","",""
"","","",""
"","","",""
"","","",""
"","","",""
"","","",""
"","","",""
"","","",""
"","","",""
"","","",""
"","","",""
"","","",""
"","","",""
"","","",""
"","","",""
"","","",""
"","","",""
"","","",""
"","","",""
"","","",""
"","","",""
"","","",""
"","","",""
"","","",""
"","","",""
"","","",""
"","","",""
"","","",""
"","","",""
"","","",""
"","","",""
"","","",""
"","","",""
"","","",""
"","","",""
"","","",""
"","","",""
"","","",""
"","","",""
"","","",""
"","","",""
"","","",""
"","","",""
"","","",""
"","","",""
"","","",""
"","","",""
"","","",""
"","","",""
"","","",""
"","","",""
"","","",""
"","","",""
"","","",""
"","","",""
"","","",""
"","","",""
"","","",""
"","","",""
"","","",""
"","","",""
"","","",""
"","","",""
"","","",""
"","","",""
"","","",""
"","","",""
"","","",""
"","","",""
"","","",""
"","","",""
"","","",""
"","","",""
"","","",""
"","","",""
"","","",""
"","","",""
"","","",""
"","","",""
"","","",""
"","","",""
"","","",""
"","","",""
"","","",""
"","","",""
"","","",""
"","","",""
"Baseball
        Basketball
        Boxing
        Cricket
        Football
        Gaming
        Golf
        Hockey
        Misc Sports
        MMA
        Multi-Sport
        Non-Sport
        Racing
        Soccer
        Tennis
        Wrestling","","",""
"","","",""
"","","",""
"","","",""
"","","",""
"","","",""
"","","",""
"","","",""
"","","",""
"","","",""
"","","",""
"","","",""
"","","",""
"","","",""
"","","",""
"","","",""
"","","",""
"","","",""
"","","",""
"","","",""
"","","",""
"","","",""
"","","",""
"","","",""
"","","",""
"","","",""
"","","",""
"","","",""
"","","",""
"","","",""
"","","",""
"","","",""
"","","",""
"","","",""
"","","",""
"","","",""
"","","",""
"","","",""
"","","",""
"","","",""
"","","",""
"","","",""
"","","",""
"","","",""
"","","",""
"","","",""
"","","",""
"","","",""
"","","",""
"","","",""
"","","",""
"","","",""
"","","",""
"","","",""
"","","",""
"","","",""
"","","",""
"","","",""
"","","",""
"","","",""
"","","",""
"","","",""
"","","",""
"","","",""
"","","",""
"","","",""
"","","",""
"","","",""
"","","",""
"","","",""
"","","",""
"","","",""
"","","",""
"","","",""
"","","",""
"","","",""
"","","",""
"","","",""
"","","",""
"","","",""
"","","",""
"","","",""
"","","",""
"","","",""
"","","",""
"","","",""
"","","",""
"","","",""
"","","",""
"","","",""
"","","",""
"","","",""
"","","",""
"","","",""
"","","",""
"","","",""
"","","",""
"","","",""
"","","",""
"","","",""
"","","",""
"Baseball
        Basketball
        Boxing
        Cricket
        Football
        Gaming
        Golf
        Hockey
        Misc Sports
        MMA
        Multi-Sport
        Non-Sport
        Racing
        Soccer
        Tennis
        Wrestling","","",""
"","","",""
"","","",""
"","","",""
"","","",""
"","","",""
"","","",""
"","","",""
"","","",""
"","","",""
"","","",""
"","","",""
"","","",""
"","","",""
"","","",""
"","","",""
"","","",""
"","","",""
"","","",""
"","","",""
"","","",""
"","","",""
"","","",""
"","","",""
"","","",""
"","","",""
"","","",""
"","","",""
"","","",""
"","","",""
"","","",""
"","","",""
"","","",""
"","","",""
"","","",""
"","","",""
"","","",""
"","","",""
"","","",""
"","","",""
"","","",""
"","","",""
"","","",""
"","","",""
"","","",""
"","","",""
"","","",""
"","","",""
"","","",""
"","","",""
"","","",""
"","","",""
"","","",""
"","","",""
"","","",""
"","","",""
"","","",""
"","","",""
"","","",""
"","","",""
"","","",""
"","","",""
"","","",""
"","","",""
"","","",""
"","","",""
"","","",""
"","","",""
"","","",""
"","","",""
"","","",""
"","","",""
"","","",""
"","","",""
"","","",""
"","","",""
"","","",""
"","","",""
"","","",""
"","","",""
"","","",""
"","","",""
"","","",""
"","","",""
"","","",""
"","","",""
"","","",""
"","","",""
"","","",""
"","","",""
"","","",""
"","","",""
"","","",""
"","","",""
"","","",""
"","","",""
"","","",""
"","","",""
"","","",""
"","","",""
"","","",""
"Baseball
        Basketball
        Boxing
        Cricket
        Football
        Gaming
        Golf
        Hockey
        Misc Sports
        MMA
        Multi-Sport
        Non-Sport
        Racing
        Soccer
        Tennis
        Wrestling","","",""
"","","",""
"","","",""
"","","",""
"","","",""
"","","",""
"","","",""
"","","",""
"","","",""
"","","",""
"","","",""
"","","",""
"","","",""
"","","",""
"","","",""
"","","",""
"","","",""
"","","",""
"","","",""
"","","",""
"","","",""
"","","",""
"","","",""
"","","",""
"","","",""
"","","",""
"","","",""
"","","",""
"","","",""
"","","",""
"","","",""
"","","",""
"","","",""
"","","",""
"","","",""
"","","",""
"","","",""
"","","",""
"","","",""
"","","",""
"","","",""
"","","",""
"","","",""
"","","",""
"","","",""
"","","",""
"","","",""
"","","",""
"","","",""
"","","",""
"","","",""
"","","",""
"","","",""
"","","",""
"","","",""
"","","",""
"","","",""
"","","",""
"","","",""
"","","",""
"","","",""
"","","",""
"","","",""
"","","",""
"","","",""
"","","",""
"","","",""
"","","",""
"","","",""
"","","",""
"","","",""
"","","",""
"","","",""
"","","",""
"","","",""
"","","",""
"","","",""
"","","",""
"","","",""
"","","",""
"","","",""
"","","",""
"","","",""
"","","",""
"","","",""
"","","",""
"","","",""
"","","",""
"","","",""
"","","",""
"","","",""
"","","",""
"","","",""
"","","",""
"","","",""
"","","",""
"","","",""
"","","",""
"","","",""
"","","",""
"","","",""
"Baseball
        Basketball
        Boxing
        Cricket
        Football
        Gaming
        Golf
        Hockey
        Misc Sports
        MMA
        Multi-Sport
        Non-Sport
        Racing
        Soccer
        Tennis
        Wrestling","","",""
"","","",""
"","","",""
"","","",""
"","","",""
"","","",""
"","","",""
"","","",""
"","","",""
"","","",""
"","","",""
"","","",""
"","","",""
"","","",""
"","","",""
"","","",""
"","","",""
"","","",""
"","","",""
"","","",""
"","","",""
"","","",""
"","","",""
"","","",""
"","","",""
"","","",""
"","","",""
"","","",""
"","","",""
"","","",""
"","","",""
"","","",""
"","","",""
"","","",""
"","","",""
"","","",""
"","","",""
"","","",""
"","","",""
"","","",""
"","","",""
"","","",""
"","","",""
"","","",""
"","","",""
"","","",""
"","","",""
"","","",""
"","","",""
"","","",""
"","","",""
"","","",""
"","","",""
"","","",""
"","","",""
"","","",""
"","","",""
"","","",""
"","","",""
"","","",""
"","","",""
"","","",""
"","","",""
"","","",""
"","","",""
"","","",""
"","","",""
"","","",""
"","","",""
"","","",""
"","","",""
"","","",""
"","","",""
"","","",""
"","","",""
"","","",""
"","","",""
"","","",""
"","","",""
"","","",""
"","","",""
"","","",""
"","","",""
"","","",""
"","","",""
"","","",""
"","","",""
"","","",""
"","","",""
"","","",""
"","","",""
"","","",""
"","","",""
"","","",""
"","","",""
"","","",""
"","","",""
"","","",""
"","","",""
"","","",""
"","","",""
"Baseball
        Basketball
        Boxing
        Cricket
        Football
        Gaming
        Golf
        Hockey
        Misc Sports
        MMA
        Multi-Sport
        Non-Sport
        Racing
        Soccer
        Tennis
        Wrestling","","",""
"","","",""
"","","",""
"","","",""
"","","",""
"","","",""
"","","",""
"","","",""
"","","",""
"","","",""
"","","",""