Set Name,Card #,Player,Team,Variations
Wayne Gretzky Cards,Rookie,Cards,N/A,Base
Wayne Gretzky Cards,Fan,Shop,N/A,Base
Wayne Gretzky Cards,More,Info,N/A,Base
Wayne Gretzky Cards,Shop,for Wayne Gretzky Figures and Bobbleheads,N/A,Bobbleheads and Figures
Wayne Gretzky Cards,Shop,for Wayne Gretzky Photographs and Posters,N/A,"Photographs, Posters and Prints"
Wayne Gretzky Cards,How,to Spot a Fake Wayne Gretzky Rookie Card,N/A,More Info
Wayne Gretzky Cards,Top,10 Wayne Gretzky Cards,N/A,More Info
Wayne Gretzky Cards,Wayne,Gretzky Fathead Wall Decals Released,N/A,More Info
Wayne Gretzky Cards,Official,Website,N/A,More Info
Wayne Gretzky Cards,NHL,Player Profile,N/A,More Info
Wayne Gretzky Cards,Wikipedia,Entry,N/A,More Info
Wayne Gretzky Cards,Hockey,Reference,N/A,More Info
2025 Upper Deck Team Canada Juniors  Set Review and,Standard Base,#1-70 (or #1-72 in some checklists),70-72,Base
2025 Upper Deck Team Canada Juniors  Set Review and,Red Foil,1:1 packs,N/A,Base
2025 Upper Deck Team Canada Juniors  Set Review and,Rose Gold Foil,N/A,1:2 packs,Base
2025 Upper Deck Team Canada Juniors  Set Review and,Deluxe,/250,N/A,Base
2025 Upper Deck Team Canada Juniors  Set Review and,Exclusives,/100,N/A,Base
2025 Upper Deck Team Canada Juniors  Set Review and,Outburst Red,/25,N/A,Base
2025 Upper Deck Team Canada Juniors  Set Review and,High Gloss,/10,N/A,Base
2025 Upper Deck Team Canada Juniors  Set Review and,Outburst Gold,1/1,N/A,Base
2025 Upper Deck Team Canada Juniors  Set Review and,Black,1/1,One-of-one black variant.,Base
2025 Upper Deck Team Canada Juniors  Set Review and,Jersey (Relic),Standard Base (#1-70),1:6 packs,Base
2025 Upper Deck Team Canada Juniors  Set Review and,Jersey (Relic),Pride of the Program (#71-100),1:60 packs,Base
2025 Upper Deck Team Canada Juniors  Set Review and,Auto Patch,Standard Base,/99 or /150,Base
2025 Upper Deck Team Canada Juniors  Set Review and,Auto Patch,Pride of the Program,/25,Base
2024 Wild Card Splat Baseball Set Review and,USA,"Balloon, Classic, Vintage",Yes,Base
2024 Wild Card Splat Baseball Set Review and,SPLATMO,"Standard splat (possibly ""Splat Motion"")",Yes,Base
2024 Wild Card Splat Baseball Set Review and,PAINT THE TOWN,Color-match editions,Yes,Base
2024 Wild Card Splat Baseball Set Review and,DOUBLE SPLAT,Dual-player cards,Yes (Dual),Base
2025 Topps Cosmic Chrome Baseball Set Review and,Superfractor,1/1,"Ultimate one-of-one; odds not disclosed. Appears in base, inserts, and autographs.",Base
2025 Panini Mosaic No Huddle Football Set Review and,Hall of Fame,291–300,10,Base
2025 Panini Mosaic No Huddle Football Set Review and,Rookies,301–400,100,Base
2025 Panini Mosaic No Huddle Football Set Review and,Mosaic Orange,/199,,Base
2025 Panini Mosaic No Huddle Football Set Review and,Silver Knight,/149,,Base
2025 Panini Mosaic No Huddle Football Set Review and,Mosaic Blue,/99,,Base
2025 Panini Mosaic No Huddle Football Set Review and,Blue Sparkle,/96,,Base
2025 Panini Mosaic No Huddle Football Set Review and,Mosaic Purple,/49,,Base
2025 Panini Mosaic No Huddle Football Set Review and,Mosaic White,/25,,Base
2025 Panini Mosaic No Huddle Football Set Review and,Gold Sparkle,/24,,Base
2025 Panini Mosaic No Huddle Football Set Review and,Mosaic Gold,/10,,Base
2024-25 Upper Deck The Cup  Set Review and,1,Jeremy Swayman,Boston Bruins,Base
2024-25 Upper Deck The Cup  Set Review and,2,Kirill Marchenko,Columbus Blue Jackets,Base
2024-25 Upper Deck The Cup  Set Review and,3,Clayton Keller,Utah Hockey Club,Base
2024-25 Upper Deck The Cup  Set Review and,4,Bobby Orr,Boston Bruins,Base
2024-25 Upper Deck The Cup  Set Review and,5,Thatcher Demko,Vancouver Canucks,Base
2024-25 Upper Deck The Cup  Set Review and,...,...,...,Base
2024-25 Upper Deck The Cup  Set Review and,95,Evgeni Malkin,Pittsburgh Penguins,Base
2024-25 Upper Deck The Cup  Set Review and,Lavish,TBD (B&W photography),/50 (base); Auto /25,Base
2024-25 Upper Deck The Cup  Set Review and,Patron Patches,TBD,"Varied # (e.g., /15–/50); Auto versions",Base
2024-25 Upper Deck The Cup  Set Review and,Color Coded,TBD,/35,Base
2024-25 Upper Deck The Cup  Set Review and,Cup Trios,TBD,Jersey /49; Patch /10; Tag /2; Button 1/1,Base
2024-25 Upper Deck The Cup  Set Review and,Cup Quads,TBD,Jersey /25; Patch /5; Tag /2; Button 1/1,Base
2024-25 Upper Deck The Cup  Set Review and,Cup Sixes,TBD,Jersey /15; Patch /3; Tag /2; Button 1/1,Base
2024-25 Upper Deck The Cup  Set Review and,Enshrinements,TBD,"Varied # (e.g., /99 or less); Duos varied",Base
2024-25 Upper Deck The Cup  Set Review and,Limited Logos,TBD,/50,Base
2024-25 Upper Deck The Cup  Set Review and,Logomarks,TBD,Jersey /99; Gold Auto Patch /10; 1:10 packs,Base
2024-25 Upper Deck The Cup  Set Review and,Baroque,TBD,/99,Base
2024-25 Upper Deck The Cup  Set Review and,Top Tens,TBD,"Varied # (e.g., /25); Black 1/1",Base
2024-25 Upper Deck The Cup  Set Review and,Triple Autos,TBD,/3,Base
2024-25 Upper Deck The Cup  Set Review and,Dual Autos,TBD,/10,Base
2024-25 Upper Deck The Cup  Set Review and,Dual Shields,TBD,1/1,Base
2025 Panini Special Edition Minecraft Set Review and,Gold,"Base, Inserts",Common parallel (1:1 box average); likely /199 or lower,Base
2025 Panini Special Edition Minecraft Set Review and,Diamond,"Base, Inserts","Mid-tier chase; part of ""other cards"" pool",Base
2025 Panini Special Edition Minecraft Set Review and,Netherite,"Base, Inserts",Rarest parallel; low odds (case-level hit?),Base
2025 Panini Special Edition Minecraft Set Review and,Achievements,TBD,1:12+ (as base/parallel),Base
2025 Panini Special Edition Minecraft Set Review and,Guaranteed,"Base /325, Crafting Chronicles",1:1,Base
2025 Panini Special Edition Minecraft Set Review and,Mid-Chase,"Gold Parallel, Tour Insert",1:1–1:12,Base
2025 Panini Special Edition Minecraft Set Review and,Super Chase,"Netherite Parallel, Milestones",1:96+ (case),Base
2025 Panini Immaculate NFL Football Set Review and,2023,5 + 1 base,Dual NFL Shields 1/1,Base
2025 Panini Immaculate NFL Football Set Review and,2024,5 + 1 base,"Rookie Logos, Premium Patches",Base
2025 Panini Immaculate NFL Football Set Review and,2025 (exp.),5 + 1 base,"Returning Dual Shields, Rookie RPAs",Base
2025 Panini National Treasures Baseball Set Review and,Red,/75,,Base
2025 Panini National Treasures Baseball Set Review and,Holo Silver,/49,,Base
2025 Panini National Treasures Baseball Set Review and,Emerald,/13,,Base
2025 Panini National Treasures Baseball Set Review and,Holo Gold,/10,,Base
2025 Panini National Treasures Baseball Set Review and,Platinum,1/1,,Base
2025 Panini National Treasures Baseball Set Review and,Cut Signatures,Encased cut autos from deceased legends,1/1 only,Base
2025 Panini Flawless Baseball Set Review and,Future Ink,38 cards,/25,Base
2025 Panini Flawless Baseball Set Review and,Iconic Ink,23 cards,/25 or less,Base
2025 Panini Flawless Baseball Set Review and,Bat Knobs,10 cards,1/1,Base
2025 Panini Flawless Baseball Set Review and,Bat Nameplates,10 cards,1/1,Base
2025 Panini Flawless Baseball Set Review and,Dual Patches,35 cards,/25 or less,Base
2025 Topps Chrome® Baseball Set Review and,Rookies (RC),100,"#56 Luisangel Acuña (NYM), #96 Jacob Wilson (OAK), #217 Roki Sasaki (LAD)",Base
2025 Topps Chrome® Baseball Set Review and,Veterans/Stars,200,"#12 José Ramírez (CLE), #150 Bryce Harper (PHI), #261 Julio Rodríguez (SEA)",Base
2025 Topps Chrome® Baseball Set Review and,1,Shohei Ohtani,LAD,Base
2025 Topps Chrome® Baseball Set Review and,99,Aaron Judge,NYY,Base
2025 Topps Chrome® Baseball Set Review and,96,Jacob Wilson RC,OAK,Base
2025 Topps Chrome® Baseball Set Review and,182,Chris Sale,ATL,Base
2025 Topps Chrome® Baseball Set Review and,300,Paul Skenes RC,PIT,Base
2025 Topps Chrome® Baseball Set Review and,257,Ronald Acuña Jr.,ATL,Base
2025 Topps Chrome® Baseball Set Review and,Refractor,1:3 packs (1 per Jumbo pack),All formats,Base
2025 Topps Chrome® Baseball Set Review and,Teal Refractor,/299; 1:108 packs,All,Base
2025 Topps Chrome® Baseball Set Review and,Aqua Refractor,/199; 1:149 packs,All,Base
2025 Topps Chrome® Baseball Set Review and,Blue Refractor,/150; 1:197 packs,All,Base
2025 Topps Chrome® Baseball Set Review and,Gold Refractor,/50; 1:595 packs,All,Base
2025 Topps Chrome® Baseball Set Review and,Red Refractor,"/5; 1:6,299 packs",All,Base
2025 Topps Chrome® Baseball Set Review and,FrozenFractor,"/5; 1:9,449 packs",Hobby only,Base
2025 Topps Chrome® Baseball Set Review and,SuperFractor,"1/1; Varies (~1:100,000+ packs)",All,Base
2025 Topps Chrome® Baseball Set Review and,X-Fractor,10 per Mega box,Mega exclusive,Base
2025 Topps Chrome® Baseball Set Review and,SSP Variations,"~0.009 (1:8,451 packs)",Rare,Base
2025 Topps Allen & Ginter Baseball Set Review and,Foil Filigree,Unlimited,All formats,Base
2025 Topps Allen & Ginter Baseball Set Review and,Glossy,1/1,Hobby,Base
2025 Topps Allen & Ginter Baseball Set Review and,Allen & Ginter,Unlimited,All formats,Base
2025 Topps Allen & Ginter Baseball Set Review and,Black Bordered,Unlimited,All formats,Base
2025 Topps Allen & Ginter Baseball Set Review and,No Number,50 copies,All formats,Base
2025 Topps Allen & Ginter Baseball Set Review and,Brooklyn Back,/25,All formats,Base
2025 Topps Allen & Ginter Baseball Set Review and,Wood,1/1,Hobby only,Base
2025 Topps Allen & Ginter Baseball Set Review and,Hits (Total),2 per box,Mix of autos/relics; no per-pack breakdown.,Base
2025 Topps Allen & Ginter Baseball Set Review and,Short Prints,1:7 packs (est.),Based on 50/350 base cards.,Base
2025 Topps Allen & Ginter Baseball Set Review and,Autographs,1:12 packs (est.),Framed minis dominant.,Base
2025 Topps Allen & Ginter Baseball Set Review and,Relics,1:24 packs (est.),Includes DNA and lineup cards.,Base
2025-26 Topps Basketball Set Review and,Gold,/2025,1:87,Base
2025-26 Topps Basketball Set Review and,Black,/68,1:251,Base
2025-26 Topps Basketball Set Review and,Wood,/25,"1:2,387",Base
2025-26 Topps Basketball Set Review and,FoilFractor,1/1,"1:17,098",Base
2025 Skybox Metal Universe Batman Set Review and,ePack,Varies,Digital,Base
2025 Skybox Metal Universe Batman Set Review and,Aqua FX,1:2 packs,Blaster,Base
2025 Skybox Metal Universe Batman Set Review and,Purple FX,1:8 packs,All,Base
2025 Skybox Metal Universe Batman Set Review and,Retribution,1:9 packs,All,Base
2025 Skybox Metal Universe Batman Set Review and,Nemesis,1:18 packs,All,Base
2025 Skybox Metal Universe Batman Set Review and,Lime Green FX,/175,Hobby/ePack,Base
2025 Skybox Metal Universe Batman Set Review and,Orange FX,/25,Hobby/ePack,Base
2025 Skybox Metal Universe Batman Set Review and,Red PMG,/100,Hobby/ePack,Base
2025 Skybox Metal Universe Batman Set Review and,Blue PMG,/50,Hobby/ePack,Base
2025 Skybox Metal Universe Batman Set Review and,Green PMG,/10,Hobby/ePack,Base
2025 Skybox Metal Universe Batman Set Review and,Gold PMG,1/1,Hobby/ePack,Base
2025 Skybox Metal Universe Batman Set Review and,Base Set,100,Bluebird,Conclusion: A Bat-Signal for Premium Collecting
2025 Skybox Metal Universe Batman Set Review and,Arkham Asylum,AA-1,The Riddler,Conclusion: A Bat-Signal for Premium Collecting
2025 Skybox Metal Universe Batman Set Review and,Arkham Asylum,AA-2,Poison Ivy,Conclusion: A Bat-Signal for Premium Collecting
2025 Skybox Metal Universe Batman Set Review and,Arkham Asylum,AA-3,Man-Bat,Conclusion: A Bat-Signal for Premium Collecting
2025 Skybox Metal Universe Batman Set Review and,Arkham Asylum,AA-4,Cluemaster,Conclusion: A Bat-Signal for Premium Collecting
2025 Skybox Metal Universe Batman Set Review and,Arkham Asylum,AA-5,Maxie Zeus,Conclusion: A Bat-Signal for Premium Collecting
2025 Skybox Metal Universe Batman Set Review and,Arkham Asylum,AA-6,Clayface (Basil Karlo),Conclusion: A Bat-Signal for Premium Collecting
2025 Skybox Metal Universe Batman Set Review and,Arkham Asylum,AA-7,Harley Quinn,Conclusion: A Bat-Signal for Premium Collecting
2025 Skybox Metal Universe Batman Set Review and,Arkham Asylum,AA-8,Two-Face,Conclusion: A Bat-Signal for Premium Collecting
2025 Skybox Metal Universe Batman Set Review and,Arkham Asylum,AA-9,Calendar Man,Conclusion: A Bat-Signal for Premium Collecting
2025 Skybox Metal Universe Batman Set Review and,Arkham Asylum,AA-10,Mister Freeze,Conclusion: A Bat-Signal for Premium Collecting
2025 Skybox Metal Universe Batman Set Review and,Arkham Asylum,AA-11,The Joker,Conclusion: A Bat-Signal for Premium Collecting
2025 Skybox Metal Universe Batman Set Review and,Arkham Asylum,AA-12,Killer Croc,Conclusion: A Bat-Signal for Premium Collecting
2025 Skybox Metal Universe Batman Set Review and,Arkham Asylum,AA-13,Amygdala,Conclusion: A Bat-Signal for Premium Collecting
2025 Skybox Metal Universe Batman Set Review and,Arkham Asylum,AA-14,Crazy Quilt,Conclusion: A Bat-Signal for Premium Collecting
2025 Skybox Metal Universe Batman Set Review and,Arkham Asylum,AA-15,Victor Zsasz,Conclusion: A Bat-Signal for Premium Collecting
2025 Skybox Metal Universe Batman Set Review and,Arkham Asylum,AA-16,Lock-Up,Conclusion: A Bat-Signal for Premium Collecting
2025 Skybox Metal Universe Batman Set Review and,Arkham Asylum,AA-17,The Answer,Conclusion: A Bat-Signal for Premium Collecting
2025 Skybox Metal Universe Batman Set Review and,Arkham Asylum,AA-18,Great White Shark,Conclusion: A Bat-Signal for Premium Collecting
2025 Skybox Metal Universe Batman Set Review and,Arkham Asylum,AA-19,Jervis Tetch,Conclusion: A Bat-Signal for Premium Collecting
2025 Skybox Metal Universe Batman Set Review and,Arkham Asylum,AA-20,Scarecrow,Conclusion: A Bat-Signal for Premium Collecting
2025 Skybox Metal Universe Batman Set Review and,Arkham Asylum,AA-21,Professor Pyg,Conclusion: A Bat-Signal for Premium Collecting
2025 Skybox Metal Universe Batman Set Review and,Arkham Asylum,AA-22,Black Mask,Conclusion: A Bat-Signal for Premium Collecting
2025 Skybox Metal Universe Batman Set Review and,Arkham Asylum,AA-23,Floronic Man,Conclusion: A Bat-Signal for Premium Collecting
2025 Skybox Metal Universe Batman Set Review and,Arkham Asylum,AA-24,Doctor Destiny,Conclusion: A Bat-Signal for Premium Collecting
2025 Skybox Metal Universe Batman Set Review and,Arkham Asylum,AA-25,Charaxes,Conclusion: A Bat-Signal for Premium Collecting
2025 Skybox Metal Universe Batman Set Review and,Arkham Asylum,AA-26,Magpie,Conclusion: A Bat-Signal for Premium Collecting
2025 Skybox Metal Universe Batman Set Review and,Arkham Asylum,AA-27,Signalman,Conclusion: A Bat-Signal for Premium Collecting
2025 Skybox Metal Universe Batman Set Review and,Arkham Asylum,AA-28,Anarky,Conclusion: A Bat-Signal for Premium Collecting
2025 Skybox Metal Universe Batman Set Review and,Arkham Asylum,AA-29,Catwoman,Conclusion: A Bat-Signal for Premium Collecting
2025 Skybox Metal Universe Batman Set Review and,Arkham Asylum,AA-30,Hugo Strange,Conclusion: A Bat-Signal for Premium Collecting
2025 Skybox Metal Universe Batman Set Review and,Arkham Asylum,AA-31,Ventriloquist & Ferdie,Conclusion: A Bat-Signal for Premium Collecting
2025 Skybox Metal Universe Batman Set Review and,Arkham Asylum,AA-32,Tally Man,Conclusion: A Bat-Signal for Premium Collecting
2025 Skybox Metal Universe Batman Set Review and,Arkham Asylum,AA-33,King Tut,Conclusion: A Bat-Signal for Premium Collecting
2025 Skybox Metal Universe Batman Set Review and,Arkham Asylum,AA-34,The Eraser,Conclusion: A Bat-Signal for Premium Collecting
2025 Skybox Metal Universe Batman Set Review and,Arkham Asylum,AA-35,Doctor Phosphorous,Conclusion: A Bat-Signal for Premium Collecting
2025 Skybox Metal Universe Batman Set Review and,Arkham Asylum,AA-36,Lady Clay,Conclusion: A Bat-Signal for Premium Collecting
2025 Skybox Metal Universe Batman Set Review and,Arkham Asylum,AA-37,Humpty Dumpty,Conclusion: A Bat-Signal for Premium Collecting
2025 Skybox Metal Universe Batman Set Review and,Arkham Asylum,AA-38,Clock King,Conclusion: A Bat-Signal for Premium Collecting
2025 Skybox Metal Universe Batman Set Review and,Arkham Asylum,AA-39,Spellbinder,Conclusion: A Bat-Signal for Premium Collecting
2025 Skybox Metal Universe Batman Set Review and,Arkham Asylum,AA-40,Flamingo,Conclusion: A Bat-Signal for Premium Collecting
2025 Skybox Metal Universe Batman Set Review and,Arkham Asylum,AA-41,Abattoir,Conclusion: A Bat-Signal for Premium Collecting
2025 Skybox Metal Universe Batman Set Review and,Arkham Asylum,AA-42,Copperhead,Conclusion: A Bat-Signal for Premium Collecting
2025 Skybox Metal Universe Batman Set Review and,Arkham Asylum,AA-43,Psycho-Pirate,Conclusion: A Bat-Signal for Premium Collecting
2025 Skybox Metal Universe Batman Set Review and,Arkham Asylum,AA-44,Ventriloquist & Scarface,Conclusion: A Bat-Signal for Premium Collecting
2025 Skybox Metal Universe Batman Set Review and,Arkham Asylum,AA-45,Duela Dent,Conclusion: A Bat-Signal for Premium Collecting
2025 Skybox Metal Universe Batman Set Review and,Arkham Asylum,AA-46,Ratcatcher,Conclusion: A Bat-Signal for Premium Collecting
2025 Skybox Metal Universe Batman Set Review and,Arkham Asylum,AA-47,Ragdoll,Conclusion: A Bat-Signal for Premium Collecting
2025 Skybox Metal Universe Batman Set Review and,Arkham Asylum,AA-48,Black Spider,Conclusion: A Bat-Signal for Premium Collecting
2025 Skybox Metal Universe Batman Set Review and,Arkham Asylum,AA-49,Clayface (Preston Payne),Conclusion: A Bat-Signal for Premium Collecting
2025 Skybox Metal Universe Batman Set Review and,Arkham Asylum,AA-50,Bane,Conclusion: A Bat-Signal for Premium Collecting
2025 Skybox Metal Universe Batman Set Review and,Comic Cuts,CC-1,Batman (1940) #200 - Origin of Batman,Conclusion: A Bat-Signal for Premium Collecting
2025 Skybox Metal Universe Batman Set Review and,Comic Cuts,CC-2,Batman (1940) #245 - Neal Adams Art,Conclusion: A Bat-Signal for Premium Collecting
2025 Skybox Metal Universe Batman Set Review and,Comic Cuts,CC-3,"Batman (1940) #251 - Joker's Five-Way Revenge, Neal Adams Art",Conclusion: A Bat-Signal for Premium Collecting
2025 Skybox Metal Universe Batman Set Review and,Comic Cuts,CC-4,Batman (1940) #366 - First New Robin in Costume,Conclusion: A Bat-Signal for Premium Collecting
2025 Skybox Metal Universe Batman Set Review and,Comic Cuts,CC-5,Batman (1940) #400 - Dark Knight Special,Conclusion: A Bat-Signal for Premium Collecting
2025 Skybox Metal Universe Batman Set Review and,Comic Cuts,CC-6,Batman (1940) #404 - Batman Year One by Miller & Mazzuchelli,Conclusion: A Bat-Signal for Premium Collecting
2025 Skybox Metal Universe Batman Set Review and,Comic Cuts,CC-7,Batman (1940) #405 - Batman Year One by Miller & Mazzuchelli,Conclusion: A Bat-Signal for Premium Collecting
2025 Skybox Metal Universe Batman Set Review and,Comic Cuts,CC-8,Batman (1940) #406 - Batman Year One by Miller & Mazzuchelli,Conclusion: A Bat-Signal for Premium Collecting
2025 Skybox Metal Universe Batman Set Review and,Comic Cuts,CC-9,Batman (1940) #407 - Batman Year One by Miller & Mazzuchelli,Conclusion: A Bat-Signal for Premium Collecting
2025 Skybox Metal Universe Batman Set Review and,Comic Cuts,CC-10,Batman (1940) #408 - Jason Todd New Origin,Conclusion: A Bat-Signal for Premium Collecting
2025 Skybox Metal Universe Batman Set Review and,Comic Cuts,CC-11,Batman (1940) #417 - Ten Nights of the Beast,Conclusion: A Bat-Signal for Premium Collecting
2025 Skybox Metal Universe Batman Set Review and,Comic Cuts,CC-12,Batman (1940) #418 - Ten Nights of the Beast,Conclusion: A Bat-Signal for Premium Collecting
2025 Skybox Metal Universe Batman Set Review and,Comic Cuts,CC-13,Batman (1940) #419 - Ten Nights of the Beast,Conclusion: A Bat-Signal for Premium Collecting
2025 Skybox Metal Universe Batman Set Review and,Comic Cuts,CC-14,Batman (1940) #420 - Ten Nights of the Beast,Conclusion: A Bat-Signal for Premium Collecting
2025 Skybox Metal Universe Batman Set Review and,Comic Cuts,CC-15,Batman (1940) #423,Conclusion: A Bat-Signal for Premium Collecting
2025 Skybox Metal Universe Batman Set Review and,Comic Cuts,CC-16,Batman (1940) #428 - Death of Robin (Jason Todd),Conclusion: A Bat-Signal for Premium Collecting
2025 Skybox Metal Universe Batman Set Review and,Comic Cuts,CC-17,"Batman (1940) #429 - A Death in the Family, Joker Appearance",Conclusion: A Bat-Signal for Premium Collecting
2025 Skybox Metal Universe Batman Set Review and,Comic Cuts,CC-18,"Batman (1940) #436 - Batman Year Three, First Appearance of Timothy Drake",Conclusion: A Bat-Signal for Premium Collecting
2025 Skybox Metal Universe Batman Set Review and,Comic Cuts,CC-19,Batman (1940) #437 - Batman Year Three,Conclusion: A Bat-Signal for Premium Collecting
2025 Skybox Metal Universe Batman Set Review and,Comic Cuts,CC-20,Batman (1940) #438- Batman Year Three,Conclusion: A Bat-Signal for Premium Collecting
2025 Skybox Metal Universe Batman Set Review and,Comic Cuts,CC-21,Batman (1940) #439 - Batman Year Three,Conclusion: A Bat-Signal for Premium Collecting
2025 Skybox Metal Universe Batman Set Review and,Comic Cuts,CC-22,Batman (1940) #442 - First Appearance of Timothy Drake in Robin Costume,Conclusion: A Bat-Signal for Premium Collecting
2025 Skybox Metal Universe Batman Set Review and,Comic Cuts,CC-23,Batman (1940) #457 - Timothy Drake Becomes Robin,Conclusion: A Bat-Signal for Premium Collecting
2025 Skybox Metal Universe Batman Set Review and,Comic Cuts,CC-24,Batman (1940) #465 - Robin Returns,Conclusion: A Bat-Signal for Premium Collecting
2025 Skybox Metal Universe Batman Set Review and,Comic Cuts,CC-25,"Batman (1940) #497 - Knightfall Part 11, Bane Breaks Batman's Back",Conclusion: A Bat-Signal for Premium Collecting
2025 Skybox Metal Universe Batman Set Review and,Comic Cuts,CC-26,Batman and The Outsiders (1983) #1,Conclusion: A Bat-Signal for Premium Collecting
2025 Skybox Metal Universe Batman Set Review and,Comic Cuts,CC-27,Batman: Gotham Knights (2000) #43,Conclusion: A Bat-Signal for Premium Collecting
2025 Skybox Metal Universe Batman Set Review and,Comic Cuts,CC-28,Batman: The Dark Knight Returns (1986) #3,Conclusion: A Bat-Signal for Premium Collecting
2025 Skybox Metal Universe Batman Set Review and,Comic Cuts,CC-29,Batman: Legends of the Dark Knight (1989) #149 - Grimm Part One,Conclusion: A Bat-Signal for Premium Collecting
2025 Skybox Metal Universe Batman Set Review and,Comic Cuts,CC-30,Batman: Legends of the Dark Knight (1989) #28 - Faces by Matt Wagner,Conclusion: A Bat-Signal for Premium Collecting
2025 Skybox Metal Universe Batman Set Review and,Comic Cuts,CC-31,Batman: Legends of the Dark Knight (1989) #29 - Faces by Matt Wagner,Conclusion: A Bat-Signal for Premium Collecting
2025 Skybox Metal Universe Batman Set Review and,Comic Cuts,CC-32,Batman: Legends of the Dark Knight (1989) #30 - Faces by Matt Wagner,Conclusion: A Bat-Signal for Premium Collecting
2025 Skybox Metal Universe Batman Set Review and,Comic Cuts,CC-33,"Batman: The Dark Knight Returns (1986) #4, Frank Miller Art",Conclusion: A Bat-Signal for Premium Collecting
2025 Skybox Metal Universe Batman Set Review and,Comic Cuts,CC-34,"Batman: The Dark Knight Returns (1986) #1, Frank Miller Art",Conclusion: A Bat-Signal for Premium Collecting
2025 Skybox Metal Universe Batman Set Review and,Comic Cuts,CC-35,"Batman: The Dark Knight Returns (1986) #2, Frank Miller Art",Conclusion: A Bat-Signal for Premium Collecting
2025 Skybox Metal Universe Batman Set Review and,Comic Cuts,CC-36,Batman: The Killing Joke (1988) by Moore & Bolland,Conclusion: A Bat-Signal for Premium Collecting
2025 Skybox Metal Universe Batman Set Review and,Comic Cuts,CC-37,Detective Comics (1937) #332 - Joker's Last Laugh,Conclusion: A Bat-Signal for Premium Collecting
2025 Skybox Metal Universe Batman Set Review and,Comic Cuts,CC-38,Detective Comics (1937) #341 - Joker's Comedy Capers,Conclusion: A Bat-Signal for Premium Collecting
2025 Skybox Metal Universe Batman Set Review and,Comic Cuts,CC-39,Detective Comics (1937) #408 - Neal Adams Art,Conclusion: A Bat-Signal for Premium Collecting
2025 Skybox Metal Universe Batman Set Review and,Comic Cuts,CC-40,Detective Comics (1937) #409,Conclusion: A Bat-Signal for Premium Collecting
2025 Skybox Metal Universe Batman Set Review and,Comic Cuts,CC-41,Detective Comics (1937) #431,Conclusion: A Bat-Signal for Premium Collecting
2025 Skybox Metal Universe Batman Set Review and,Comic Cuts,CC-42,Detective Comics (1937) #451,Conclusion: A Bat-Signal for Premium Collecting
2025 Skybox Metal Universe Batman Set Review and,Comic Cuts,CC-43,Detective Comics (1937) #472 - Hugo Strange Becomes Batman by Englehart & Rogers,Conclusion: A Bat-Signal for Premium Collecting
2025 Skybox Metal Universe Batman Set Review and,Comic Cuts,CC-44,Detective Comics (1937) #567 - by Harlan Ellison & Gene Colan,Conclusion: A Bat-Signal for Premium Collecting
2025 Skybox Metal Universe Batman Set Review and,Comic Cuts,CC-45,"Detective Comics (1937) #575 Batman Year Two, First Appearance of The Reaper",Conclusion: A Bat-Signal for Premium Collecting
2025 Skybox Metal Universe Batman Set Review and,Comic Cuts,CC-46,"Detective Comics (1937) #576 - Batman Year Two, Todd MacFarlane Art",Conclusion: A Bat-Signal for Premium Collecting
2025 Skybox Metal Universe Batman Set Review and,Comic Cuts,CC-47,"Detective Comics (1937) #577 - Batman Year Two, Todd MacFarlane Art",Conclusion: A Bat-Signal for Premium Collecting
2025 Skybox Metal Universe Batman Set Review and,Comic Cuts,CC-48,"Detective Comics (1937) #578 - Batman Year Two, Todd MacFarlane Art",Conclusion: A Bat-Signal for Premium Collecting
2025 Skybox Metal Universe Batman Set Review and,Comic Cuts,CC-49,Detective Comics (1937) #608 - First Appearance of Anarky,Conclusion: A Bat-Signal for Premium Collecting
2025 Skybox Metal Universe Batman Set Review and,Comic Cuts,CC-50,"Tales of The Teen Titans (1984) #44 - First Appearance of Nightwing, George Perez Art",Conclusion: A Bat-Signal for Premium Collecting
2025 Skybox Metal Universe Batman Set Review and,Dark Matter,DM-1,Killer Moth,Conclusion: A Bat-Signal for Premium Collecting
2025 Skybox Metal Universe Batman Set Review and,Dark Matter,DM-2,The Creeper,Conclusion: A Bat-Signal for Premium Collecting
2025 Skybox Metal Universe Batman Set Review and,Dark Matter,DM-3,Calendar Man,Conclusion: A Bat-Signal for Premium Collecting
2025 Skybox Metal Universe Batman Set Review and,Dark Matter,DM-4,Batgirl (Stephanie Brown),Conclusion: A Bat-Signal for Premium Collecting
2025 Skybox Metal Universe Batman Set Review and,Dark Matter,DM-5,Kite-Man,Conclusion: A Bat-Signal for Premium Collecting
2025 Skybox Metal Universe Batman Set Review and,Dark Matter,DM-6,Clock King,Conclusion: A Bat-Signal for Premium Collecting
2025 Skybox Metal Universe Batman Set Review and,Dark Matter,DM-7,Psycho-Pirate,Conclusion: A Bat-Signal for Premium Collecting
2025 Skybox Metal Universe Batman Set Review and,Dark Matter,DM-8,Ventriloquist & Scarface,Conclusion: A Bat-Signal for Premium Collecting
2025 Skybox Metal Universe Batman Set Review and,Dark Matter,DM-9,Etrigan the Demon,Conclusion: A Bat-Signal for Premium Collecting
2025 Skybox Metal Universe Batman Set Review and,Dark Matter,DM-10,Punchline,Conclusion: A Bat-Signal for Premium Collecting
2025 Skybox Metal Universe Batman Set Review and,Dark Matter,DM-11,KGBeast,Conclusion: A Bat-Signal for Premium Collecting
2025 Skybox Metal Universe Batman Set Review and,Dark Matter,DM-12,Black Mask,Conclusion: A Bat-Signal for Premium Collecting
2025 Skybox Metal Universe Batman Set Review and,Dark Matter,DM-13,The Signal,Conclusion: A Bat-Signal for Premium Collecting
2025 Skybox Metal Universe Batman Set Review and,Dark Matter,DM-14,Court of Owls,Conclusion: A Bat-Signal for Premium Collecting
2025 Skybox Metal Universe Batman Set Review and,Dark Matter,DM-15,Victor Zsasz,Conclusion: A Bat-Signal for Premium Collecting
2025 Skybox Metal Universe Batman Set Review and,Dark Matter,DM-16,Firefly,Conclusion: A Bat-Signal for Premium Collecting
2025 Skybox Metal Universe Batman Set Review and,Dark Matter,DM-17,Professor Pyg,Conclusion: A Bat-Signal for Premium Collecting
2025 Skybox Metal Universe Batman Set Review and,Dark Matter,DM-18,The Huntress,Conclusion: A Bat-Signal for Premium Collecting
2025 Skybox Metal Universe Batman Set Review and,Dark Matter,DM-19,King Snake,Conclusion: A Bat-Signal for Premium Collecting
2025 Skybox Metal Universe Batman Set Review and,Dark Matter,DM-20,Deadshot,Conclusion: A Bat-Signal for Premium Collecting
2025 Skybox Metal Universe Batman Set Review and,Dark Matter,DM-21,Scarecrow,Conclusion: A Bat-Signal for Premium Collecting
2025 Skybox Metal Universe Batman Set Review and,Dark Matter,DM-22,Robin (Damian Wayne),Conclusion: A Bat-Signal for Premium Collecting
2025 Skybox Metal Universe Batman Set Review and,Dark Matter,DM-23,The Penguin,Conclusion: A Bat-Signal for Premium Collecting
2025 Skybox Metal Universe Batman Set Review and,Dark Matter,DM-24,Jervis Tetch,Conclusion: A Bat-Signal for Premium Collecting
2025 Skybox Metal Universe Batman Set Review and,Dark Matter,DM-25,Batgirl (Cassandra Cain),Conclusion: A Bat-Signal for Premium Collecting
2025 Skybox Metal Universe Batman Set Review and,Dark Matter,DM-26,Bane,Conclusion: A Bat-Signal for Premium Collecting
2025 Skybox Metal Universe Batman Set Review and,Dark Matter,DM-27,Killer Croc,Conclusion: A Bat-Signal for Premium Collecting
2025 Skybox Metal Universe Batman Set Review and,Dark Matter,DM-28,Hush,Conclusion: A Bat-Signal for Premium Collecting
2025 Skybox Metal Universe Batman Set Review and,Dark Matter,DM-29,Red Hood,Conclusion: A Bat-Signal for Premium Collecting
2025 Skybox Metal Universe Batman Set Review and,Dark Matter,DM-30,Clayface (Basil Karlo),Conclusion: A Bat-Signal for Premium Collecting
2025 Skybox Metal Universe Batman Set Review and,Dark Matter,DM-31,Man-Bat,Conclusion: A Bat-Signal for Premium Collecting
2025 Skybox Metal Universe Batman Set Review and,Dark Matter,DM-32,The Riddler,Conclusion: A Bat-Signal for Premium Collecting
2025 Skybox Metal Universe Batman Set Review and,Dark Matter,DM-33,Deathstroke,Conclusion: A Bat-Signal for Premium Collecting
2025 Skybox Metal Universe Batman Set Review and,Dark Matter,DM-34,Batwoman,Conclusion: A Bat-Signal for Premium Collecting
2025 Skybox Metal Universe Batman Set Review and,Dark Matter,DM-35,Mister Freeze,Conclusion: A Bat-Signal for Premium Collecting
2025 Skybox Metal Universe Batman Set Review and,Dark Matter,DM-36,Catwoman,Conclusion: A Bat-Signal for Premium Collecting
2025 Skybox Metal Universe Batman Set Review and,Dark Matter,DM-37,Ra's al Ghul,Conclusion: A Bat-Signal for Premium Collecting
2025 Skybox Metal Universe Batman Set Review and,Dark Matter,DM-38,Batgirl (Barbara Gordon),Conclusion: A Bat-Signal for Premium Collecting
2025 Skybox Metal Universe Batman Set Review and,Dark Matter,DM-39,Nightwing,Conclusion: A Bat-Signal for Premium Collecting
2025 Skybox Metal Universe Batman Set Review and,Dark Matter,DM-40,Harley Quinn,Conclusion: A Bat-Signal for Premium Collecting
2025 Skybox Metal Universe Batman Set Review and,Dark Matter,DM-41,Two-Face,Conclusion: A Bat-Signal for Premium Collecting
2025 Skybox Metal Universe Batman Set Review and,Dark Matter,DM-42,Poison Ivy,Conclusion: A Bat-Signal for Premium Collecting
2025 Skybox Metal Universe Batman Set Review and,Dark Matter,DM-43,Robin (Tim Drake),Conclusion: A Bat-Signal for Premium Collecting
2025 Skybox Metal Universe Batman Set Review and,Dark Matter,DM-44,The Joker,Conclusion: A Bat-Signal for Premium Collecting
2025 Skybox Metal Universe Batman Set Review and,Dark Matter,DM-45,Batman,Conclusion: A Bat-Signal for Premium Collecting
2025 Skybox Metal Universe Batman Set Review and,Enigmas,E-1,The Riddler - Detective Comics: Futures End (2014) #1,Conclusion: A Bat-Signal for Premium Collecting
2025 Skybox Metal Universe Batman Set Review and,Enigmas,E-2,The Riddler - Batman (1940) #179,Conclusion: A Bat-Signal for Premium Collecting
2025 Skybox Metal Universe Batman Set Review and,Enigmas,E-3,The Riddler - Batman (2020) #90,Conclusion: A Bat-Signal for Premium Collecting
2025 Skybox Metal Universe Batman Set Review and,Enigmas,E-4,The Riddler - Detective Comics (1937) #142,Conclusion: A Bat-Signal for Premium Collecting
2025 Skybox Metal Universe Batman Set Review and,Enigmas,E-5,The Riddler - Green Arrow (2004) #35,Conclusion: A Bat-Signal for Premium Collecting
2025 Skybox Metal Universe Batman Set Review and,Enigmas,E-6,The Riddler - Harley Quinn (2000) #6,Conclusion: A Bat-Signal for Premium Collecting
2025 Skybox Metal Universe Batman Set Review and,Enigmas,E-7,The Riddler - Batman (1940) #490,Conclusion: A Bat-Signal for Premium Collecting
2025 Skybox Metal Universe Batman Set Review and,Enigmas,E-8,The Riddler - Batman (1940) #362,Conclusion: A Bat-Signal for Premium Collecting
2025 Skybox Metal Universe Batman Set Review and,Enigmas,E-9,The Riddler - Batman (2014) #32,Conclusion: A Bat-Signal for Premium Collecting
2025 Skybox Metal Universe Batman Set Review and,Enigmas,E-10,The Riddler - Batman: Killing Time (2022) #2,Conclusion: A Bat-Signal for Premium Collecting
2025 Skybox Metal Universe Batman Set Review and,Enigmas,E-11,The Riddler - Detective Comics (1937) #140,Conclusion: A Bat-Signal for Premium Collecting
2025 Skybox Metal Universe Batman Set Review and,Enigmas,E-12,The Riddler - The Riddle Factory (1995),Conclusion: A Bat-Signal for Premium Collecting
2025 Skybox Metal Universe Batman Set Review and,Enigmas,E-13,The Riddler - Batman (1940) #317,Conclusion: A Bat-Signal for Premium Collecting
2025 Skybox Metal Universe Batman Set Review and,Enigmas,E-14,The Riddler - Batman (1940) #292,Conclusion: A Bat-Signal for Premium Collecting
2025 Skybox Metal Universe Batman Set Review and,Enigmas,E-15,The Riddler - Detective Comics (1937) #705,Conclusion: A Bat-Signal for Premium Collecting
2025 Skybox Metal Universe Batman Set Review and,Enigmas,E-16,The Riddler - Batman (1940) #171,Conclusion: A Bat-Signal for Premium Collecting
2025 Skybox Metal Universe Batman Set Review and,Enigmas,E-17,,Conclusion: A Bat-Signal for Premium Collecting
2025 Skybox Metal Universe Batman Set Review and,Enigmas,E-18,The Riddler - Gotham City Sirens (2010) #9,Conclusion: A Bat-Signal for Premium Collecting
2025 Skybox Metal Universe Batman Set Review and,Enigmas,E-19,The Riddler - Batman (1940) #619,Conclusion: A Bat-Signal for Premium Collecting
2025 Skybox Metal Universe Batman Set Review and,Enigmas,E-20,The Riddler - Batman (1940) #454,Conclusion: A Bat-Signal for Premium Collecting
2025 Skybox Metal Universe Batman Set Review and,Skybox Premium,S-1,Nightwing,Conclusion: A Bat-Signal for Premium Collecting
2025 Skybox Metal Universe Batman Set Review and,Skybox Premium,S-2,The Riddler,Conclusion: A Bat-Signal for Premium Collecting
2025 Skybox Metal Universe Batman Set Review and,Skybox Premium,S-3,Man-Bat,Conclusion: A Bat-Signal for Premium Collecting
2025 Skybox Metal Universe Batman Set Review and,Skybox Premium,S-4,Clayface,Conclusion: A Bat-Signal for Premium Collecting
2025 Skybox Metal Universe Batman Set Review and,Skybox Premium,S-5,Batman,Conclusion: A Bat-Signal for Premium Collecting
2025 Skybox Metal Universe Batman Set Review and,Skybox Premium,S-6,Oracle,Conclusion: A Bat-Signal for Premium Collecting
2025 Skybox Metal Universe Batman Set Review and,Skybox Premium,S-7,Two-Face,Conclusion: A Bat-Signal for Premium Collecting
2025 Skybox Metal Universe Batman Set Review and,Skybox Premium,S-8,Calendar Man,Conclusion: A Bat-Signal for Premium Collecting
2025 Skybox Metal Universe Batman Set Review and,Skybox Premium,S-9,Mister Freeze,Conclusion: A Bat-Signal for Premium Collecting
2025 Skybox Metal Universe Batman Set Review and,Skybox Premium,S-10,Robin,Conclusion: A Bat-Signal for Premium Collecting
2025 Skybox Metal Universe Batman Set Review and,Skybox Premium,S-11,Black Mask,Conclusion: A Bat-Signal for Premium Collecting
2025 Skybox Metal Universe Batman Set Review and,Skybox Premium,S-12,Harley Quinn,Conclusion: A Bat-Signal for Premium Collecting
2025 Skybox Metal Universe Batman Set Review and,Skybox Premium,S-13,Batwing,Conclusion: A Bat-Signal for Premium Collecting
2025 Skybox Metal Universe Batman Set Review and,Skybox Premium,S-14,Alfred Pennyworth,Conclusion: A Bat-Signal for Premium Collecting
2025 Skybox Metal Universe Batman Set Review and,Skybox Premium,S-15,Ra's al Ghul,Conclusion: A Bat-Signal for Premium Collecting
2025 Skybox Metal Universe Batman Set Review and,Skybox Premium,S-16,Deadshot,Conclusion: A Bat-Signal for Premium Collecting
2025 Skybox Metal Universe Batman Set Review and,Skybox Premium,S-17,The Joker,Conclusion: A Bat-Signal for Premium Collecting
2025 Skybox Metal Universe Batman Set Review and,Skybox Premium,S-18,Poison Ivy,Conclusion: A Bat-Signal for Premium Collecting
2025 Skybox Metal Universe Batman Set Review and,Skybox Premium,S-19,Batwoman,Conclusion: A Bat-Signal for Premium Collecting
2025 Skybox Metal Universe Batman Set Review and,Skybox Premium,S-20,Deathstroke,Conclusion: A Bat-Signal for Premium Collecting
2025 Skybox Metal Universe Batman Set Review and,Skybox Premium,S-21,Killer Croc,Conclusion: A Bat-Signal for Premium Collecting
2025 Skybox Metal Universe Batman Set Review and,Skybox Premium,S-22,The Penguin,Conclusion: A Bat-Signal for Premium Collecting
2025 Skybox Metal Universe Batman Set Review and,Skybox Premium,S-23,Talia al Ghul,Conclusion: A Bat-Signal for Premium Collecting
2025 Skybox Metal Universe Batman Set Review and,Skybox Premium,S-24,Batgirl (Cassandra Cain),Conclusion: A Bat-Signal for Premium Collecting
2025 Skybox Metal Universe Batman Set Review and,Skybox Premium,S-25,Batgirl,Conclusion: A Bat-Signal for Premium Collecting
2025 Skybox Metal Universe Batman Set Review and,Skybox Premium,S-26,Firefly,Conclusion: A Bat-Signal for Premium Collecting
2025 Skybox Metal Universe Batman Set Review and,Skybox Premium,S-27,Catwoman,Conclusion: A Bat-Signal for Premium Collecting
2025 Skybox Metal Universe Batman Set Review and,Skybox Premium,S-28,Robin,Conclusion: A Bat-Signal for Premium Collecting
2025 Skybox Metal Universe Batman Set Review and,Skybox Premium,S-29,Scarecrow,Conclusion: A Bat-Signal for Premium Collecting
2025 Skybox Metal Universe Batman Set Review and,Skybox Premium,S-30,Blockbuster,Conclusion: A Bat-Signal for Premium Collecting
2025 Skybox Metal Universe Batman Set Review and,Skybox Premium,S-31,The Signal,Conclusion: A Bat-Signal for Premium Collecting
2025 Skybox Metal Universe Batman Set Review and,Skybox Premium,S-32,Killer Moth,Conclusion: A Bat-Signal for Premium Collecting
2025 Skybox Metal Universe Batman Set Review and,Skybox Premium,S-33,Catman,Conclusion: A Bat-Signal for Premium Collecting
2025 Skybox Metal Universe Batman Set Review and,Skybox Premium,S-34,Hush,Conclusion: A Bat-Signal for Premium Collecting
2025 Skybox Metal Universe Batman Set Review and,Skybox Premium,S-35,Doctor Phosphorous,Conclusion: A Bat-Signal for Premium Collecting
2025 Skybox Metal Universe Batman Set Review and,Skybox Premium,S-36,The Calculator,Conclusion: A Bat-Signal for Premium Collecting
2025 Skybox Metal Universe Batman Set Review and,Skybox Premium,S-37,Court of Owls,Conclusion: A Bat-Signal for Premium Collecting
2025 Skybox Metal Universe Batman Set Review and,Skybox Premium,S-38,Punchline,Conclusion: A Bat-Signal for Premium Collecting
2025 Skybox Metal Universe Batman Set Review and,Skybox Premium,S-39,Batgirl,Conclusion: A Bat-Signal for Premium Collecting
2025 Skybox Metal Universe Batman Set Review and,Skybox Premium,S-40,Professor Pyg,Conclusion: A Bat-Signal for Premium Collecting
2025 Skybox Metal Universe Batman Set Review and,Skybox Premium,S-41,Hugo Strange,Conclusion: A Bat-Signal for Premium Collecting
2025 Skybox Metal Universe Batman Set Review and,Skybox Premium,S-42,Azrael,Conclusion: A Bat-Signal for Premium Collecting
2025 Skybox Metal Universe Batman Set Review and,Skybox Premium,S-43,Jervis Tetch,Conclusion: A Bat-Signal for Premium Collecting
2025 Skybox Metal Universe Batman Set Review and,Skybox Premium,S-44,The Batman Who Laughs,Conclusion: A Bat-Signal for Premium Collecting
2025 Skybox Metal Universe Batman Set Review and,Skybox Premium,S-45,Failsafe,Conclusion: A Bat-Signal for Premium Collecting
2025 Skybox Metal Universe Batman Set Review and,Skybox Premium,S-46,Robin,Conclusion: A Bat-Signal for Premium Collecting
2025 Skybox Metal Universe Batman Set Review and,Skybox Premium,S-47,Zur En Arrh Batman,Conclusion: A Bat-Signal for Premium Collecting
2025 Skybox Metal Universe Batman Set Review and,Skybox Premium,S-48,Batzarro,Conclusion: A Bat-Signal for Premium Collecting
2025 Skybox Metal Universe Batman Set Review and,Skybox Premium,S-49,Talon,Conclusion: A Bat-Signal for Premium Collecting
2025 Skybox Metal Universe Batman Set Review and,Skybox Premium,S-50,Bane,Conclusion: A Bat-Signal for Premium Collecting
2025 Skybox Metal Universe Batman Set Review and,Z-Force Rave,Z-1,Ventriloquist & Scarface,Conclusion: A Bat-Signal for Premium Collecting
2025 Skybox Metal Universe Batman Set Review and,Z-Force Rave,Z-2,Professor Pyg,Conclusion: A Bat-Signal for Premium Collecting
2025 Skybox Metal Universe Batman Set Review and,Z-Force Rave,Z-3,Oracle,Conclusion: A Bat-Signal for Premium Collecting
2025 Skybox Metal Universe Batman Set Review and,Z-Force Rave,Z-4,The Signal,Conclusion: A Bat-Signal for Premium Collecting
2025 Skybox Metal Universe Batman Set Review and,Z-Force Rave,Z-5,Bane,Conclusion: A Bat-Signal for Premium Collecting
2025 Skybox Metal Universe Batman Set Review and,Z-Force Rave,Z-6,Blockbuster,Conclusion: A Bat-Signal for Premium Collecting
2025 Skybox Metal Universe Batman Set Review and,Z-Force Rave,Z-7,Robin (Damian Wayne),Conclusion: A Bat-Signal for Premium Collecting
2025 Skybox Metal Universe Batman Set Review and,Z-Force Rave,Z-8,Victor Zsasz,Conclusion: A Bat-Signal for Premium Collecting
2025 Skybox Metal Universe Batman Set Review and,Z-Force Rave,Z-9,Lady Shiva,Conclusion: A Bat-Signal for Premium Collecting
2025 Skybox Metal Universe Batman Set Review and,Z-Force Rave,Z-10,Black Mask,Conclusion: A Bat-Signal for Premium Collecting
2025 Skybox Metal Universe Batman Set Review and,Z-Force Rave,Z-11,Mister Freeze,Conclusion: A Bat-Signal for Premium Collecting
2025 Skybox Metal Universe Batman Set Review and,Z-Force Rave,Z-12,Azrael,Conclusion: A Bat-Signal for Premium Collecting
2025 Skybox Metal Universe Batman Set Review and,Z-Force Rave,Z-13,Talia al Ghul,Conclusion: A Bat-Signal for Premium Collecting
2025 Skybox Metal Universe Batman Set Review and,Z-Force Rave,Z-14,Red Hood,Conclusion: A Bat-Signal for Premium Collecting
2025 Skybox Metal Universe Batman Set Review and,Z-Force Rave,Z-15,The Huntress,Conclusion: A Bat-Signal for Premium Collecting
2025 Skybox Metal Universe Batman Set Review and,Z-Force Rave,Z-16,Punchline,Conclusion: A Bat-Signal for Premium Collecting
2025 Skybox Metal Universe Batman Set Review and,Z-Force Rave,Z-17,Killer Croc,Conclusion: A Bat-Signal for Premium Collecting
2025 Skybox Metal Universe Batman Set Review and,Z-Force Rave,Z-18,Jim Gordon,Conclusion: A Bat-Signal for Premium Collecting
2025 Skybox Metal Universe Batman Set Review and,Z-Force Rave,Z-19,Catwoman,Conclusion: A Bat-Signal for Premium Collecting
2025 Skybox Metal Universe Batman Set Review and,Z-Force Rave,Z-20,Nightwing,Conclusion: A Bat-Signal for Premium Collecting
2025 Skybox Metal Universe Batman Set Review and,Z-Force Rave,Z-21,Deathstroke,Conclusion: A Bat-Signal for Premium Collecting
2025 Skybox Metal Universe Batman Set Review and,Z-Force Rave,Z-22,Jervis Tetch,Conclusion: A Bat-Signal for Premium Collecting
2025 Skybox Metal Universe Batman Set Review and,Z-Force Rave,Z-23,Cheer,Conclusion: A Bat-Signal for Premium Collecting
2025 Skybox Metal Universe Batman Set Review and,Z-Force Rave,Z-24,Batwing,Conclusion: A Bat-Signal for Premium Collecting
2025 Skybox Metal Universe Batman Set Review and,Z-Force Rave,Z-25,Killer Moth,Conclusion: A Bat-Signal for Premium Collecting
2025 Skybox Metal Universe Batman Set Review and,Z-Force Rave,Z-26,Clayface,Conclusion: A Bat-Signal for Premium Collecting
2025 Skybox Metal Universe Batman Set Review and,Z-Force Rave,Z-27,Robin (Tim Drake),Conclusion: A Bat-Signal for Premium Collecting
2025 Skybox Metal Universe Batman Set Review and,Z-Force Rave,Z-28,Poison Ivy,Conclusion: A Bat-Signal for Premium Collecting
2025 Skybox Metal Universe Batman Set Review and,Z-Force Rave,Z-29,Batgirl (Stephanie Brown),Conclusion: A Bat-Signal for Premium Collecting
2025 Skybox Metal Universe Batman Set Review and,Z-Force Rave,Z-30,The Riddler,Conclusion: A Bat-Signal for Premium Collecting
2025 Skybox Metal Universe Batman Set Review and,Z-Force Rave,Z-31,Scarecrow,Conclusion: A Bat-Signal for Premium Collecting
2025 Skybox Metal Universe Batman Set Review and,Z-Force Rave,Z-32,Two-Face,Conclusion: A Bat-Signal for Premium Collecting
2025 Skybox Metal Universe Batman Set Review and,Z-Force Rave,Z-33,Harley Quinn,Conclusion: A Bat-Signal for Premium Collecting
2025 Skybox Metal Universe Batman Set Review and,Z-Force Rave,Z-34,The Penguin,Conclusion: A Bat-Signal for Premium Collecting
2025 Skybox Metal Universe Batman Set Review and,Z-Force Rave,Z-35,Hush,Conclusion: A Bat-Signal for Premium Collecting
2025 Skybox Metal Universe Batman Set Review and,Z-Force Rave,Z-36,Tweedledee & Tweedledum,Conclusion: A Bat-Signal for Premium Collecting
2025 Skybox Metal Universe Batman Set Review and,Z-Force Rave,Z-37,Batgirl (Cassandra Cain),Conclusion: A Bat-Signal for Premium Collecting
2025 Skybox Metal Universe Batman Set Review and,Z-Force Rave,Z-38,Solomon Grundy,Conclusion: A Bat-Signal for Premium Collecting
2025 Skybox Metal Universe Batman Set Review and,Z-Force Rave,Z-39,Roxy Rocket,Conclusion: A Bat-Signal for Premium Collecting
2025 Skybox Metal Universe Batman Set Review and,Z-Force Rave,Z-40,Deadshot,Conclusion: A Bat-Signal for Premium Collecting
2025 Skybox Metal Universe Batman Set Review and,Z-Force Rave,Z-41,Black Canary,Conclusion: A Bat-Signal for Premium Collecting
2025 Skybox Metal Universe Batman Set Review and,Z-Force Rave,Z-42,KGBeast,Conclusion: A Bat-Signal for Premium Collecting
2025 Skybox Metal Universe Batman Set Review and,Z-Force Rave,Z-43,Batwoman,Conclusion: A Bat-Signal for Premium Collecting
2025 Skybox Metal Universe Batman Set Review and,Z-Force Rave,Z-44,Ra's al Ghul,Conclusion: A Bat-Signal for Premium Collecting
2025 Skybox Metal Universe Batman Set Review and,Z-Force Rave,Z-45,Alfred Pennyworth,Conclusion: A Bat-Signal for Premium Collecting
2025 Skybox Metal Universe Batman Set Review and,Z-Force Rave,Z-46,Catman,Conclusion: A Bat-Signal for Premium Collecting
2025 Skybox Metal Universe Batman Set Review and,Z-Force Rave,Z-47,Vandal Savage,Conclusion: A Bat-Signal for Premium Collecting
2025 Skybox Metal Universe Batman Set Review and,Z-Force Rave,Z-48,Man-Bat,Conclusion: A Bat-Signal for Premium Collecting
2025 Skybox Metal Universe Batman Set Review and,Z-Force Rave,Z-49,The Joker,Conclusion: A Bat-Signal for Premium Collecting
2025 Skybox Metal Universe Batman Set Review and,Z-Force Rave,Z-50,Batman,Conclusion: A Bat-Signal for Premium Collecting
2025 Bowman University Chrome® Football Review and,Refractor,1:5,"Classic rainbow shine; e.g., Mateer's pass in iridescent foil.",Base
2025 Bowman University Chrome® Football Review and,X-Fractor,1:10,"Bold, X-shaped pattern; e.g., explosive orange burst on Mateer's card.",Base
2025 Bowman University Chrome® Football Review and,Aqua Refractor,"/325, 1:68",Ocean blue-green; evokes coastal programs like Miami.,Base
2025 Bowman University Chrome® Football Review and,Blue Refractor,"/150, 1:134","Deep sapphire; e.g., Mateer in a midnight-blue glow.",Base
2025 Bowman University Chrome® Football Review and,Gold Refractor,"/50, 1:402",Metallic gold; chase-level bling.,Base
2025 Bowman University Chrome® Football Review and,Red Refractor,"/5, 1:4,014",Blood red; intense for rivalries.,Base
2025 Bowman University Chrome® Football Review and,SuperFractor,"1/1, 1:20,067","Ultimate rainbow; e.g., Mateer's 1/1 is a grail.",Base
2025 Bowman University Chrome® Football Review and,Lettered Up!,25 cards; Varsity letterman jackets (new).,1:9,Base
2025 Bowman University Chrome® Football Review and,Acropolis,10 cards; Mythic hero poses (returning).,1:22,Base
2025 Bowman University Chrome® Football Review and,Path to Glory,20 cards; Journey motifs (returning).,1:11,Base
2025 SP Game Used AEW Marks Set Review and,Red,1:2 packs (base); 1:7 packs (rookies),Base & Rookies,Base
2025 SP Game Used AEW Marks Set Review and,Gold,/99,Base & Rookies,Base
2025 SP Game Used AEW Marks Set Review and,Rainbow,/25 (final copy auto'd),Base & Rookies,Base
2025 SP Game Used AEW Marks Set Review and,Magenta,/10,Base & Rookies,Base
2025 SP Game Used AEW Marks Set Review and,Black,1/1,Base & Rookies,Base
2025 SP Game Used AEW Marks Set Review and,Gold Auto,1/1,Base autos,Base
2025 SP Game Used AEW Marks Set Review and,Auto Tag,1/1,Base autos,Base
2025 SP Game Used AEW Marks Set Review and,SIGnificance,Unspecified,1:9 packs,Base
2025 SP Game Used AEW Marks Set Review and,Marquees,Unspecified,N/A (chase set),Base
2025 SP Game Used AEW Marks Set Review and,Strapped In,Unspecified,N/A (/10),Base
2025 SP Game Used AEW Marks Set Review and,Supreme Tables,Unspecified,N/A (/15),Base
2025 SP Game Used AEW Marks Set Review and,Ticket To…,Unspecified,N/A (/5),Base
2025 SP Game Used AEW Marks Set Review and,Base Auto,Unspecified,1:2 packs (base); 1:8 (rookies),Base
2025 SP Game Used AEW Marks Set Review and,Autograph,1:2 (base); 1:8 (rookies),1,Base
2025 Panini Mosaic NFL Set Review and,Hobby,150,10 packs / 15 cards,Base
2025 Panini Mosaic NFL Set Review and,No Huddle,120,12 packs / 12 cards,Base
2025 Panini Mosaic NFL Set Review and,Mosaic Orange,/199,Lamar Jackson (Baltimore Ravens) – Bold orange shards evoke a sunset vibe.,Base
2025 Panini Mosaic NFL Set Review and,Silver Knight,/149,Patrick Mahomes II (Kansas City Chiefs) – Metallic knight helmet overlay.,Base
2025 Panini Mosaic NFL Set Review and,Mosaic Blue,/99,Jalen Hurts – Deep blue with holographic edges.,Base
2025 Panini Mosaic NFL Set Review and,Blue Sparkle,/96,Travis Hunter – Twinkling blue flecks for a starry effect.,Base
2025 Panini Mosaic NFL Set Review and,Mosaic Purple,/49,Ja’Marr Chase (Cincinnati Bengals).,Base
2025 Panini Mosaic NFL Set Review and,Mosaic White,/25,Justin Jefferson (Minnesota Vikings).,Base
2025 Panini Mosaic NFL Set Review and,Gold Sparkle,/24,Xavier Worthy (Kansas City Chiefs).,Base
2025 Panini Prizm Draft Picks Collegiate Football Set Review and,Silver Prizms,Standard refractor-style,All formats; 4 per Hobby box avg.,Base
2025 Panini Prizm Draft Picks Collegiate Football Set Review and,Mojo Prizms,Holographic effect,Hobby,Base
2025 Panini Prizm Draft Picks Collegiate Football Set Review and,Tie-Dye Prizms,Multicolor swirl; /25 or less,Hobby (autograph parallels),Base
2025 Panini Prizm Draft Picks Collegiate Football Set Review and,Gold Prizms,/10,Hobby,Base
2025 Panini Prizm Draft Picks Collegiate Football Set Review and,Black Prizms,1/1,Hobby (SSP chase),Base
