master_set,card_num,player,team,variations
2024-25 Tim Hortons,Set Name,Card,Card Code,Scroll horizontally to see more columns
2024-25 Tim Hortons,Base Set,100,TGXEN,Scroll horizontally to see more columns
2024-25 Tim Hortons,Base Set,101,3KE5T,Scroll horizontally to see more columns
2024-25 Tim Hortons,Base Set,102,RMT6Q,Scroll horizontally to see more columns
2024-25 Tim Hortons,Base Set,103,S55SE,Scroll horizontally to see more columns
2024-25 Tim Hortons,Base Set,104,ZSALR,Scroll horizontally to see more columns
2024-25 Tim Hortons,Base Set,105,2JQB6,Scroll horizontally to see more columns
2024-25 Tim Hortons,Base Set,106,EJ4YK,Scroll horizontally to see more columns
2024-25 Tim Hortons,Base Set,107,M3QDW,Scroll horizontally to see more columns
2024-25 Tim Hortons,Base Set,108,6HCD2,Scroll horizontally to see more columns
2024-25 Tim Hortons,Base Set,109,5STCU,Scroll horizontally to see more columns
2024-25 Tim Hortons,Base Set,110,XP6KH,Scroll horizontally to see more columns
2024-25 Tim Hortons,Base Set,111,ZJ7GF,Scroll horizontally to see more columns
2024-25 Tim Hortons,Base Set,112,4E5JB,Scroll horizontally to see more columns
2024-25 Tim Hortons,Base Set,113,2B99R,Scroll horizontally to see more columns
2024-25 Tim Hortons,Base Set,114,WJENY,Scroll horizontally to see more columns
2024-25 Tim Hortons,Base Set,115,6F49B,Scroll horizontally to see more columns
2024-25 Tim Hortons,Base Set,116,VQSXQ,Scroll horizontally to see more columns
2024-25 Tim Hortons,Base Set,117,JLSRX,Scroll horizontally to see more columns
2024-25 Tim Hortons,Base Set,118,EUQAM,Scroll horizontally to see more columns
2024-25 Tim Hortons,Base Set,119,BWC2A,Scroll horizontally to see more columns
2024-25 Tim Hortons,Base Set,120,96KTP,Scroll horizontally to see more columns
2024-25 Tim Hortons,Pure Gold,PG-1,YANRS,Scroll horizontally to see more columns
2024-25 Tim Hortons,Pure Gold,PG-2,NFRKT,Scroll horizontally to see more columns
2024-25 Tim Hortons,Pure Gold,PG-3,92C2D,Scroll horizontally to see more columns
2024-25 Tim Hortons,Pure Gold,PG-4,QTP6Q,Scroll horizontally to see more columns
2024-25 Tim Hortons,Pure Gold,PG-5,E8XJC,Scroll horizontally to see more columns
2024-25 Tim Hortons,Pure Gold,PG-6,7QNSH,Scroll horizontally to see more columns
2024-25 Tim Hortons,Pure Gold,PG-7,RVBP6,Scroll horizontally to see more columns
2024-25 Tim Hortons,Pure Gold,PG-8,FZ5VC,Scroll horizontally to see more columns
2024-25 Tim Hortons,Pure Gold,PG-9,XWE9N,Scroll horizontally to see more columns
2024-25 Tim Hortons,Pure Gold,PG-10,ZR8Z3,Scroll horizontally to see more columns
2024-25 Tim Hortons,Pure Gold,PG-11,8TXHR,Scroll horizontally to see more columns
2024-25 Tim Hortons,Pure Gold,PG-12,FUHQD,Scroll horizontally to see more columns
2024-25 Tim Hortons,Pure Gold,PG-13,WBC8S,Scroll horizontally to see more columns
2024-25 Tim Hortons,Pure Gold,PG-14,MVU3T,Scroll horizontally to see more columns
2024-25 Tim Hortons,Pure Gold,PG-15,79DTF,Scroll horizontally to see more columns
2024-25 Tim Hortons,Pure Gold,PG-16,YNHJS,Scroll horizontally to see more columns
2024-25 Tim Hortons,Pure Gold,PG-17,FZBY5,Scroll horizontally to see more columns
2024-25 Tim Hortons,Pure Gold,PG-18,ZWLXV,Scroll horizontally to see more columns
2020-21 Tim Hortons,Base Set,100,Marc-Andre Fleury,Scroll horizontally to see more columns
2020-21 Tim Hortons,Base Set,101,Tyler Seguin,Scroll horizontally to see more columns
2020-21 Tim Hortons,Base Set,102,Joe Thornton,Scroll horizontally to see more columns
2020-21 Tim Hortons,Base Set,103,Tomas Tatar,Scroll horizontally to see more columns
2020-21 Tim Hortons,Base Set,104,Gabriel Landeskog,Scroll horizontally to see more columns
2020-21 Tim Hortons,Base Set,105,Taylor Hall,Scroll horizontally to see more columns
2020-21 Tim Hortons,Base Set,106,Teuvo Teravainen,Scroll horizontally to see more columns
2020-21 Tim Hortons,Base Set,107,Clayton Keller,Scroll horizontally to see more columns
2020-21 Tim Hortons,Base Set,108,Travis Konecny,Scroll horizontally to see more columns
2020-21 Tim Hortons,Base Set,109,Ryan Suter,Scroll horizontally to see more columns
2020-21 Tim Hortons,Base Set,110,Andrei Vasilevskiy,Scroll horizontally to see more columns
2020-21 Tim Hortons,Base Set,111,J.T. Miller,Scroll horizontally to see more columns
2020-21 Tim Hortons,Base Set,112,Vladimir Tarasenko,Scroll horizontally to see more columns
2020-21 Tim Hortons,Base Set,113,Sam Reinhart,Scroll horizontally to see more columns
2020-21 Tim Hortons,Base Set,114,William Karlsson,Scroll horizontally to see more columns
2020-21 Tim Hortons,Base Set,115,Frederik Andersen,Scroll horizontally to see more columns
2020-21 Tim Hortons,Base Set,116,Henrik Lundqvist,Scroll horizontally to see more columns
2020-21 Tim Hortons,Base Set,117,Jamie Benn,Scroll horizontally to see more columns
2020-21 Tim Hortons,Base Set,118,Tony DeAngelo,Scroll horizontally to see more columns
2020-21 Tim Hortons,Base Set,119,Brent Burns,Scroll horizontally to see more columns
2020-21 Tim Hortons,Base Set,120,Steven Stamkos,Scroll horizontally to see more columns
2020-21 Tim Hortons,Base Set,121,Adam Henrique,Scroll horizontally to see more columns
2020-21 Tim Hortons,Base Set,122,Pekka Rinne,Scroll horizontally to see more columns
2020-21 Tim Hortons,Base Set,123,Jeff Carter,Scroll horizontally to see more columns
2020-21 Tim Hortons,Base Set,124,Aleksander Barkov,Scroll horizontally to see more columns
2020-21 Tim Hortons,Base Set,125,Anders Lee,Scroll horizontally to see more columns
2019-20 Tim Hortons,Base Set,100,Brent Burns,Scroll horizontally to see more columns
2019-20 Tim Hortons,Base Set,101,Tyler Seguin,Scroll horizontally to see more columns
2019-20 Tim Hortons,Base Set,102,Jeff Skinner,Scroll horizontally to see more columns
2019-20 Tim Hortons,Base Set,103,Thomas Chabot,Scroll horizontally to see more columns
2019-20 Tim Hortons,Base Set,104,Kyle Palmieri,Scroll horizontally to see more columns
2019-20 Tim Hortons,Base Set,105,David Pastrnak,Scroll horizontally to see more columns
2019-20 Tim Hortons,Base Set,106,Max Domi,Scroll horizontally to see more columns
2019-20 Tim Hortons,Base Set,107,Nicklas Backstrom,Scroll horizontally to see more columns
2019-20 Tim Hortons,Base Set,108,Teuvo Teravainen,Scroll horizontally to see more columns
2019-20 Tim Hortons,Base Set,109,Matthew Tkachuk,Scroll horizontally to see more columns
2019-20 Tim Hortons,Base Set,110,Dylan Larkin,Scroll horizontally to see more columns
2019-20 Tim Hortons,Base Set,111,Clayton Keller,Scroll horizontally to see more columns
2019-20 Tim Hortons,Base Set,112,Marc-Andre Fleury,Scroll horizontally to see more columns
2019-20 Tim Hortons,Base Set,113,Jakub Voracek,Scroll horizontally to see more columns
2019-20 Tim Hortons,Base Set,114,Vladimir Tarasenko,Scroll horizontally to see more columns
2019-20 Tim Hortons,Base Set,115,Mathew Barzal,Scroll horizontally to see more columns
2019-20 Tim Hortons,Base Set,116,Oliver Ekman-Larsson,Scroll horizontally to see more columns
2019-20 Tim Hortons,Base Set,117,Andrei Vasilevskiy,Scroll horizontally to see more columns
2019-20 Tim Hortons,Base Set,118,Jonathan Drouin,Scroll horizontally to see more columns
2019-20 Tim Hortons,Base Set,119,Anze Kopitar,Scroll horizontally to see more columns
2019-20 Tim Hortons,Base Set,120,Steven Stamkos,Scroll horizontally to see more columns
2025-2026 Tim Hortons,Base Set,100,Jonathan Marchessault,Scroll horizontally to see more columns
2025-2026 Tim Hortons,Base Set,101,Pavel Buchnevich,Scroll horizontally to see more columns
2025-2026 Tim Hortons,Base Set,102,Carter Verhaeghe,Scroll horizontally to see more columns
2025-2026 Tim Hortons,Base Set,103,Nico Hischier,Scroll horizontally to see more columns
2025-2026 Tim Hortons,Base Set,104,Macklin Celebrini,Scroll horizontally to see more columns
2025-2026 Tim Hortons,Base Set,105,Mike Matheson,Scroll horizontally to see more columns
2025-2026 Tim Hortons,Base Set,106,Travis Sanheim,Scroll horizontally to see more columns
2025-2026 Tim Hortons,Base Set,107,Matty Beniers,Scroll horizontally to see more columns
2025-2026 Tim Hortons,Base Set,108,William Nylander,Scroll horizontally to see more columns
2025-2026 Tim Hortons,Base Set,109,Andrei Svechnikov,Scroll horizontally to see more columns
2025-2026 Tim Hortons,Base Set,110,Noah Dobson,Scroll horizontally to see more columns
2025-2026 Tim Hortons,Base Set,111,Travis Konecny,Scroll horizontally to see more columns
2025-2026 Tim Hortons,Base Set,112,Brayden Point,Scroll horizontally to see more columns
2025-2026 Tim Hortons,Base Set,113,Adam Fantilli,Scroll horizontally to see more columns
2025-2026 Tim Hortons,Base Set,114,Trevor Zegras,Scroll horizontally to see more columns
2025-2026 Tim Hortons,Base Set,115,Noah Hanifin,Scroll horizontally to see more columns
2025-2026 Tim Hortons,Base Set,116,Aleksander Barkov,Scroll horizontally to see more columns
2025-2026 Tim Hortons,Base Set,117,Dylan Strome,Scroll horizontally to see more columns
2025-2026 Tim Hortons,Base Set,118,Tim Stutzle,Scroll horizontally to see more columns
2025-2026 Tim Hortons,Base Set,119,Drake Batherson,Scroll horizontally to see more columns
2025-2026 Tim Hortons,Base Set,120,Sebastian Aho,Scroll horizontally to see more columns
2025-2026 Tim Hortons,Co-Stars,CO-1,Nathan MacKinnon/Cale Makar,Scroll horizontally to see more columns
2025-2026 Tim Hortons,Co-Stars,CO-2,Leon Draisaitl/Connor McDavid,Scroll horizontally to see more columns
2025-2026 Tim Hortons,Co-Stars,CO-3,Brady Tkachuk/Tim Stutzle,Scroll horizontally to see more columns
2025-2026 Tim Hortons,Co-Stars,CO-4,Nick Suzuki/Cole Caufield,Scroll horizontally to see more columns
2025-2026 Tim Hortons,Co-Stars,CO-5,Charlie McAvoy/David Pastrnak,Scroll horizontally to see more columns
2025-2026 Tim Hortons,Co-Stars,CO-6,Auston Matthews/William Nylander,Scroll horizontally to see more columns
2025-2026 Tim Hortons,Co-Stars,CO-7,Elias Pettersson/Quinn Hughes,Scroll horizontally to see more columns
2025-2026 Tim Hortons,Co-Stars,CO-8,Mark Scheifele/Kyle Connor,Scroll horizontally to see more columns
2025-2026 Tim Hortons,Co-Stars,CO-9,Matthew Tkachuk/Aleksander Barkov,Scroll horizontally to see more columns
